0,X350,Academic studies in adult education,Academic studies in adult education
0,X300,Academic studies in education,Academic studies in education
0,X370,Academic studies in education (across phases),Academic studies in education (across phases)
0,X341,Academic studies in further education,Academic studies in further education
0,X342,Academic studies in higher education,Academic studies in higher education
0,X310,Academic studies in nursery education,Academic studies in nursery education
0,X320,Academic studies in primary education,Academic studies in primary education
0,X330,Academic studies in secondary education,Academic studies in secondary education
0,X360,Academic studies in specialist education,Academic studies in specialist education
0,X340,Academic studies in tertiary education,Academic studies in tertiary education
1,N410,Accountancy,Accountancy
1,N400,Accounting,Accounting
0,N420,Accounting theory,Accounting theory
1,F380,Acoustics,Acoustics
0,H341,Acoustics,Acoustics
0,H340,Acoustics ,Acoustics & vibration
1,W410,Acting,Acting
1,N323,Actuarial science,Actuarial science
0,B343,Acupuncture,Acupuncture
0,N000,administrative studies,Business & administrative studies
0,B740,Adult nursing,Adult nursing
0,N560,advertising,Promotion & advertising
1,N561,Advertising,Advertising
1,H440,Aerodynamics,Aerodynamics
1,H410,Aeronautical engineering,Aeronautical engineering
1,H400,Aerospace engineering,Aerospace engineering
0,W354,aesthetics ,"Philosophy, aesthetics & criticism of music"
1,C862,Affective neuroscience,Affective neuroscience
1,C857,Affective psychology,Affective psychology
1,D721,Agricultural biochemistry,Agricultural biochemistry
0,T990,African,"Eastern, Asiatic, African, American & Australasian languages, literature"
0,T000,African,"Eastern, Asiatic, African, American & Australasian languages, literature & related subjects"
0,V250,African history,African history
0,T510,African language studies,African language studies
0,T520,African literature studies,African literature studies
0,T530,African society ,African society & culture studies
0,T500,African studies,African studies
1,D710,Agricultural biology,Agricultural biology
1,D730,Agricultural botany,Agricultural botany
1,D720,Agricultural chemistry,Agricultural chemistry
1,L112,Agricultural economics,Agricultural economics
1,L727,Agricultural geography,Agricultural geography
1,D711,Agricultural microbiology,Agricultural microbiology
0,D472,Agricultural irrigation ,Agricultural irrigation & drainage
0,D471,Agricultural machinery,Agricultural machinery
1,D700,Agricultural sciences,Agricultural sciences
0,D411,Agricultural pests ,Agricultural pests & diseases
1,D470,Agricultural technology,Agricultural technology
1,D740,Agricultural zoology,Agricultural zoology
1,D400,Agriculture,Agriculture
1,H413,Air combat engineering,Air combat engineering
0,D000,agriculture ,"Veterinary sciences, agriculture & related subjects"
1,H652,Analogue circuit engineering,Analogue circuit engineering
0,H412,Air freight transport engineering,Air freight transport engineering
0,H411,Air passenger transport engineering,Air passenger transport engineering
0,N853,Air travel,Air travel
0,Q430,Akkadian,Akkadian
0,B340,Alternative medicine ,Alternative medicine & therapies
0,D417,Amenity horticulture,Amenity horticulture
0,T990,American ,"Eastern, Asiatic, African, American & Australasian languages, literature"
0,T000,American ,"Eastern, Asiatic, African, American & Australasian languages, literature & related subjects"
0,V230,American history,American history
0,T710,American language studies,American language studies
0,T720,American literature studies,American literature studies
0,T730,American society ,American society & culture studies
0,T700,American studies,American studies
1,F180,Analytical chemistry,Analytical chemistry
0,W356,analysis,Music theory & analysis
1,B100,Anatomy,"Anatomy, physiology & pathology"
0,L218,Anarchism,Anarchism
1,V160,Ancient history,Ancient history
0,B110,Anatomy,Anatomy
0,Q510,Ancient Celtic studies,Ancient Celtic studies
0,Q410,Ancient Egyptian,Ancient Egyptian
1,D321,Animal anatomy,Animal anatomy
0,Q400,Ancient language studies,Ancient language studies
1,J720,Animal biotechnology,Animal biotechnology
1,D320,Animal health,Animal health
1,D327,Animal nutrition,Animal nutrition
1,D323,Animal pathology,Animal pathology
1,D324,Animal pharmacology,Animal pharmacology
1,D326,Animal pharmacy,Animal pharmacy
1,D322,Animal physiology,Animal physiology
1,C865,Animal psychology,Animal psychology
1,D300,Animal science,Animal science
1,D325,Animal toxicology,Animal toxicology
1,D328,Animal welfare,Animal welfare
1,L600,Anthropology,Anthropology
0,W615,Animation techniques,Animation techniques
1,C910,Applied biological sciences,Applied biological sciences
1,C110,Applied biology,Applied biology
1,C210,Applied botany,Applied botany
1,C131,Applied cell biology,Applied cell biology
1,F110,Applied chemistry,Applied chemistry
1,L311,Applied criminology,Applied criminology
1,L110,Applied economics,Applied economics
1,C410,Applied genetics,Applied genetics
0,F751,Applied environmental sciences,Applied environmental sciences
1,F610,Applied geology,Applied geology
1,Q110,Applied linguistics,Applied linguistics
1,G120,Applied mathematics,Applied mathematics
1,J210,Applied metallurgy,Applied metallurgy
1,C510,Applied microbiology,Applied microbiology
1,F310,Applied physics,Applied physics
0,C710,Applied molecular biology,"Applied molecular biology, biophysics & biochemistry"
0,W384,Applied music/musicianship,Applied music/musicianship
1,C810,Applied psychology,Applied psychology
1,L310,Applied sociology,Applied sociology
1,G310,Applied statistics,Applied statistics
1,C310,Applied zoology,Applied zoology
1,D410,Arable farming,Arable & fruit farming
0,D435,Aquaculture,Aquaculture
0,T631,Arab society ,Arab society & culture studies
0,T611,Arabic language studies,Arabic language studies
0,T621,Arabic literature studies,Arabic literature studies
0,D410,Arable farming,Arable & fruit farming
0,Q470,Aramaic,Aramaic
1,D500,Arboriculture,Forestry & arboriculture
0,V450,Archaeological conservation,Archaeological conservation
1,F420,Archaeological science,Archaeological science
0,F400,archaeological sciences,Forensic & archaeological sciences
0,V460,Archaeological techniques,Archaeological techniques
1,V400,Archaeology,Archaeology
0,V470,archaeology,Classical art & archaeology
0,V471,archaeology,Roman art & archaeology
0,V472,archaeology,Greek art & archaeology
1,K110,Architectural design theory,Architectural design theory
1,K130,Architectural technology,Architectural technology
1,K100,Architecture,Architecture
0,K000,Architecture,"Architecture, building & planning"
1,P132,Archive studies,Archive studies
0,B344,Aromatherapy,Aromatherapy
1,I400,Artificial intelligence,Artificial intelligence
0,V240,Asian history,Asian history
0,V644,Asian religious texts,Asian religious texts
0,T990,Asiatic,"Eastern, Asiatic, African, American & Australasian languages, literature"
0,T000,Asiatic,"Eastern, Asiatic, African, American & Australasian languages, literature & related subjects"
1,H420,Astronautical engineering,Astronautical engineering
1,F500,Astronomy,Astronomy
1,F540,Astronomy observation,Astronomy observation
1,F550,Astronomy theory,Astronomy theory
1,F510,Astrophysics,Astrophysics
0,F734,Atmosphere-ocean interactions,Atmosphere-ocean interactions
1,F331,Atmospheric physics,Atmospheric physics
1,H820,Atomic engineering,Atomic engineering
0,N234,auctioneering,Property valuation & auctioneering
0,I700,audio effects,Computer generated visual & audio effects
0,W614,audio effects,Visual & audio effects
1,J930,Audio technology,Audio technology
0,N721,Audio typing,Audio typing
1,B610,Audiology,Audiology
0,N421,Auditing of accounts,Auditing of accounts
1,B600,Aural science,Aural & oral sciences
1,H330,Automotive engineering,Automotive engineering
0,V260,Australasian history,Australasian history
0,T810,Australasian language studies,Australasian language studies
0,T990,Australasian languages,"Eastern, Asiatic, African, American & Australasian languages, literature"
0,T000,Australasian languages,"Eastern, Asiatic, African, American & Australasian languages, literature & related subjects"
0,T820,Australasian literature studies,Australasian literature studies
0,T830,Australasian society ,Australasian society & culture studies
0,T800,Australasian studies,Australasian studies
0,V261,Australian history,Australian history
0,L221,Autocracy,Autocracy
0,H131,Automated engineering design,Automated engineering design
0,I461,Automated reasoning,Automated reasoning
1,C530,Bacteriology,Bacteriology
0,H460,Aviation studies,Aviation studies
0,H430,Avionics,Avionics
1,W541,Ballet,Ballet
1,C120,Behavioural biology,Behavioural biology
0,T314,Bangladeshi language studies,Bangladeshi language studies
0,T324,Bangladeshi literature studies,Bangladeshi literature studies
0,T334,Bangladeshi society ,Bangladeshi society & culture studies
0,N310,Banking,Banking
0,W761,Basketry,Basketry
0,B350,beauty science,Hair & beauty science
0,B352,Beauty therapies,Beauty therapies
1,H811,Biochemical engineering,Biochemical engineering
0,R704,Belarusian studies,Belarusian studies
0,D642,beverage delivery,Food & beverage delivery
0,D631,beverage manufacture,Food & beverage manufacture
0,D641,beverage packaging,Food & beverage packaging
0,D632,beverage processing,Food & beverage processing
0,D630,beverage production,Food & beverage production
0,D600,beverage studies,Food & beverage studies
0,D633,beverage technology,Food & beverage technology
0,D640,beverages for the consumer,Food & beverages for the consumer
1,C700,biochemistry,"Molecular biology, biophysics & biochemistry"
1,H163,bioelectricity,Bioelectronics & bioelectricity
0,C710,biochemistry,"Applied molecular biology, biophysics & biochemistry"
0,C181,Biodiversity,Biodiversity
1,H163,Bioelectronics ,Bioelectronics & bioelectricity
1,H160,Bioengineering,"Bioengineering, biomedical engineering & clinical engineering"
1,F811,Biogeography,Biogeography
0,F754,Biogeochemical cycles,Biogeochemical cycles
1,I520,Bioinformatics,Bioinformatics
1,C720,Biological chemistry,Biological chemistry
0,L620,biological anthropology,Physical & biological anthropology
1,C000,Biological sciences,Biological sciences
0,D445,Biological heritage site management,Biological heritage site management
1,C100,Biology,Biology
1,H161,Biomaterials,Biomaterials
1,B830,Biomechanics ,Biomechanics & prosthetics (non-clinical)
1,H160,biomedical engineering ,"Bioengineering, biomedical engineering & clinical engineering"
0,H162,Biomechanics,Biomechanics (including fluid & solid mechanics)
1,C191,Biometry,Biometry
1,F165,Biomolecular chemistry,Biomolecular chemistry
1,C760,Biomolecular science,Biomolecular science
1,F163,Bioorganic chemistry,Bio-organic chemistry
1,C770,Biophysical science,Biophysical science
1,C700,Biophysics ,"Molecular biology, biophysics & biochemistry"
1,H831,Bioprocess engineering,Bioprocess engineering
0,C710,biophysics ,"Applied molecular biology, biophysics & biochemistry"
1,J700,Biotechnology,Biotechnology
0,H167,Biosensors,Biosensors
1,C200,Botany,Botany
0,W722,Blacksmithing,Blacksmithing
0,W520,Body awareness,Body awareness
0,N413,Book keeping,Book keeping
0,W781,Bookbinding,Bookbinding
1,H642,Broadcast engineering,Broadcast engineering
0,F763,Boundary-layer meteorology,Boundary-layer meteorology
0,Q580,Breton,Breton
0,Q581,Breton literature,Breton literature
0,V210,British history,British history
0,Q160,British Sign Language,British Sign Language
1,K210,Building technology,Building technology
0,V430,Bronze Age,Bronze Age
0,Q522,Brythonic group of languages,Brythonic group of languages
0,V625,Buddhism,Buddhism
0,K200,Building,Building
0,K000,building ,"Architecture, building & planning"
0,K230,Building surveying,Building surveying
1,N000,Business ,Business & administrative studies
0,R705,Bulgarian studies,Bulgarian studies
0,M221,Business ,Business & commercial law
1,C815,Business psychology,Business psychology
1,W150,Calligraphy,Calligraphy
0,N100,Business studies,Business studies
0,V244,Byzantine History,Byzantine History
0,W732,Cabinet making,Cabinet making
1,B810,Cardiography,Cardiography
0,V231,Canadian history,Canadian history
0,T713,Canadian language studies,Canadian language studies
0,T723,Canadian literature studies,Canadian literature studies
0,T733,Canadian society ,Canadian society & culture studies
0,L171,Capitalism,Capitalism
1,F844,Cartography,Cartography
0,L550,Careers guidance,Careers guidance
0,T714,Caribbean language studies,Caribbean language studies
0,T724,Caribbean literature studies,Caribbean literature studies
0,T734,Caribbean society ,Caribbean society & culture studies
0,W731,Carpentry/joinery,Carpentry/joinery
1,C130,Cell biology,Cell biology
1,C320,Cell zoology,Cell zoology
1,B131,Cellular pathology,Cellular pathology
1,W270,Ceramics design,Ceramics design
0,Q500,Celtic studies,Celtic studies
0,V252,Central African history,Central African history
0,T512,Central African language studies,Central African language studies
0,T522,Central African literature studies,Central African literature studies
0,T532,Central African society ,Central African society & culture studies
0,V234,Central American history,Central American history
0,J310,Ceramics,Ceramics
0,J300,Ceramics ,Ceramics & glass
1,D612,Cereal science,Cereal science
1,N214,Change management,Change management
1,H810,Chemical engineering,Chemical engineering
0,H800,Chemical,"Chemical, process & energy engineering"
1,F320,Chemical physics,Chemical physics
1,H830,Chemical process engineering,Chemical process engineering
1,F100,Chemistry,Chemistry
1,C821,Child psychology,Child psychology
0,L520,Child care,Child care
1,W600,Cinematics ,Cinematics & photography
0,B730,Children's nursing,Children's nursing
0,B341,Chinese,Chinese
0,V241,Chinese history,Chinese history
0,T110,Chinese language studies,Chinese language studies
0,T120,Chinese literature studies,Chinese literature studies
0,T130,Chinese society ,Chinese society & culture studies
0,T100,Chinese studies,Chinese studies
0,B320,Chiropractic,Chiropractic
0,W510,Choreography,Choreography
0,V621,Christian studies,Christian studies
0,V641,Christian texts,The Bible & Christian texts
0,Q611,Church Latin,Church Latin
1,W620,Cinematography,Cinematography
1,W472,Circus arts,Circus arts
1,H200,Civil engineering,Civil engineering
1,V470,Classical art ,Classical art & archaeology
0,Q420,Classical Arabic,Classical Arabic
1,F760,Climatology,Climatology
0,Q711,Classical Church Greek,Classical Church Greek
0,Q710,Classical Greek language,Classical Greek language
0,Q720,Classical Greek literature,Classical Greek literature
0,Q730,Classical Greek literature in translation,Classical Greek literature in translation
0,Q700,Classical Greek studies,Classical Greek studies
0,Q810,Classical reception,Classical reception
0,Q800,Classical studies,Classical studies
0,Q000,classics ,"Linguistics, classics & related subjects"
0,W750,Clay ,Clay & stone crafts
0,F764,Climate ,Climate & climate change
0,F764,climate change,Climate & climate change
1,A400,Clinical dentistry,Clinical dentistry
1,H160,clinical engineering,"Bioengineering, biomedical engineering & clinical engineering"
1,A300,Clinical medicine,Clinical medicine
1,C845,Clinical neuropsychology,Clinical neuropsychology
1,B121,Clinical physiology,Clinical physiology
1,B702,Clinical practice nursing,Clinical practice nursing
1,C842,Clinical psychology,Clinical psychology
1,D220,Clinical veterinary dentistry,Clinical veterinary dentistry
1,D210,Clinical veterinary medicine,Clinical veterinary medicine
1,C861,Cognitive neuroscience,Cognitive neuroscience
0,D200,Clinical veterinary medicine ,Clinical veterinary medicine & dentistry
0,W723,Clock/watchmaking,Clock/watchmaking
0,J440,Clothing production,Clothing production
1,C850,Cognitive psychology,Cognitive & affective psychology
0,H222,Coastal decay,Coastal decay
0,V731,Coastal heritage management,Coastal heritage management
0,I450,Cognitive modelling,Cognitive modelling
0,C850,Cognitive psychology,Cognitive & affective psychology
1,F112,Colour chemistry,Colour chemistry
0,L174,Collectivism,Collectivism
1,W385,Commercial music composition,Commercial music composition
0,J422,colouring of textiles,Dying & colouring of textiles
0,Y000,Combined/general subject unspecified,Combined/general subject unspecified
0,M221,commercial law,Business & commercial law
1,I120,communications,Networks & communications
0,J442,Commercial tailoring,Commercial tailoring
0,L242,Commonwealth politics,Commonwealth politics
1,H640,Communications engineering,Communications engineering
1,W352,Community music,Community music
0,W532,Community dance,Community dance
0,C183,Community ecology,Community ecology
0,D517,Community forestry,Community forestry
0,L541,Community justice,Community justice
1,B710,Community nursing,Community nursing
1,C846,Community psychology,Community psychology
1,L260,Comparative politics,Comparative politics
0,W473,Community theatre,Community theatre
0,L540,Community work,Community work
0,M140,Comparative law,Comparative law
0,Q200,Comparative literary studies,Comparative literary studies
1,B300,Complementary medicines,"Complementary medicines, therapies & well-being"
0,V627,Comparative religious studies,Comparative religious studies
0,V645,Comparative religious texts,Comparative religious texts
1,W380,Composition,Composition
0,B300,Complementary medicines,"Complementary medicines, therapies & well-being"
1,G170,Computational mathematics,Computational mathematics
1,F343,Computational physics,Computational physics
0,I130,Computational science foundations,Computational science foundations
0,I111,Computer architectures,Computer architectures
0,I110,Computer architectures ,Computer architectures & operating systems
0,I620,Computer games design,Computer games design
0,I630,Computer games graphics,Computer games graphics
0,I610,Computer games programming,Computer games programming
1,I710,Computer generated imagery,Computer generated imagery
0,I700,Computer generated visual ,Computer generated visual & audio effects
1,I100,Computer science,Computer science
0,I440,Computer vision,Computer vision
1,H130,Computer-aided engineering,Computer-aided engineering
0,C830,conceptual issues in psychology,Methodological & conceptual issues in psychology
0,W313,Conducting,Conducting
0,C184,Conservation ecology,Conservation ecology
0,K250,Conservation of buildings,Conservation of buildings
0,L212,Conservatism,Conservatism
0,K220,Construction management,Construction management
1,W543,Contemporary dance,Contemporary dance
0,W442,Contemporary theatre,Contemporary theatre
1,M222,Contract law,Contract law
0,H662,Control by light systems,Control by light systems
0,H660,Control systems,Control systems
0,Q411,Coptic,Coptic
0,F645,core processes,Mantle & core processes
0,Q570,Cornish,Cornish
0,Q571,Cornish literature,Cornish literature
0,N562,Corporate image,Corporate image
1,J230,Corrosion technology,Corrosion technology
0,N411,Cost ,Cost & management accountancy
0,B940,Counselling,Counselling
1,C843,Counselling psychology,Counselling psychology
0,W700,Crafts,Crafts
1,W000,Creative arts ,Creative arts & design
1,N212,Creative management,Creative management
1,W372,Creative music technology,Creative music technology
1,V324,Crime history,Crime history
0,N225,Criminal justice management,Criminal justice management
0,L437,Criminal justice policy,Criminal justice policy
1,M211,Criminal law,Criminal law
0,L611,Criminological theory,Criminological theory
0,B771,Critical care nursing,Critical care nursing
0,W354,criticism of music,"Philosophy, aesthetics & criticism of music"
0,D413,Crop nutrition,Crop nutrition
0,D412,Crop physiology,Crop physiology
0,D415,Crop production,Crop production
0,D414,Crop protection,Crop protection
0,D418,crops,Exotic plants & crops
1,C873,Cross-cultural psychology,Cross-cultural psychology
0,F780,cryospheric systems,Glaciology & cryospheric systems
1,F131,Crystallography,Crystallography
0,L610,cultural anthropology,Social & cultural anthropology
1,L726,Cultural geography,Cultural geography
0,R130,culture,French society & culture
0,R230,culture,German society & culture
0,R330,culture,Italian society & culture
0,R430,culture,Spanish society & culture
0,R530,culture,Portuguese society & culture
0,R630,culture,Scandinavian society & culture
0,R631,culture,Swedish society & culture
0,R632,culture,Norwegian society & culture
0,R633,culture,Finnish society & culture
0,R634,culture,Danish society & culture
0,R730,culture,Russian & east European society & culture
0,R731,culture,Russian society & culture
0,R732,culture,Polish society & culture
0,R733,culture,Czech society & culture
0,W531,culture,Dance & culture
0,T130,culture studies,Chinese society & culture studies
0,T230,culture studies,Japanese society & culture studies
0,T330,culture studies,South Asian society & culture studies
0,T331,culture studies,Indian society & culture studies
0,T332,culture studies,Pakistani society & culture studies
0,T333,culture studies,Sri Lankan society & culture studies
0,T334,culture studies,Bangladeshi society & culture studies
0,T335,culture studies,Nepali society & culture studies
0,T430,culture studies,Other Asian society & culture studies
0,T431,culture studies,East Asian society & culture studies
0,T432,culture studies,South East Asian society & culture studies
0,T530,culture studies,African society & culture studies
0,T531,culture studies,Eastern African society & culture studies
0,T532,culture studies,Central African society & culture studies
0,T533,culture studies,Northern African society & culture studies
0,T534,culture studies,Southern African society & culture studies
0,T535,culture studies,Western African society & culture studies
0,T630,culture studies,Modern Middle Eastern society & culture studies
0,T631,culture studies,Arab society & culture studies
0,T633,culture studies,Persian society & culture studies
0,T634,culture studies,Modern Hebrew society & culture studies
0,T635,culture studies,Kurdish society & culture studies
0,T636,culture studies,Turkish society & culture studies
0,T730,culture studies,American society & culture studies
0,T731,culture studies,Latin American society & culture studies
0,T732,culture studies,United States society & culture studies
0,T733,culture studies,Canadian society & culture studies
0,T734,culture studies,Caribbean society & culture studies
0,T830,culture studies,Australasian society & culture studies
0,R930,cultures,Other European societies & cultures
1,P130,Curatorial studies,Curatorial studies
1,H672,Cybernetics,Cybernetics
0,R713,Czech language,Czech language
0,R723,Czech literature,Czech literature
0,R733,Czech society ,Czech society & culture
0,R702,Czech studies,Czech studies
1,W500,Dance,Dance
0,W531,Dance ,Dance & culture
0,W550,Dance performance,Dance performance
0,W542,Dance theatre,Dance theatre
0,R614,Danish language,Danish language
0,R624,Danish literature,Danish literature
0,R634,Danish society ,Danish society & culture
1,I260,Data management,Data management
1,I240,Databases,Databases
1,I323,Declarative programming,Declarative programming
0,L222,Democracy,Democracy
0,B750,Dental nursing,Dental nursing
1,B840,Dental technology,Dental technology
1,A000,Dentistry,Medicine & dentistry
0,D200,dentistry,Clinical veterinary medicine & dentistry
0,I230,design,Systems analysis & design
0,W000,design,Creative arts & design
0,W200,Design studies,Design studies
0,L800,Development studies,Development studies
1,C141,Developmental biology,Developmental biology
1,C270,Developmental plant biology,Developmental & reproductive plant biology
1,C820,Developmental psychology,Developmental psychology
1,C330,Developmental zoology,Developmental & reproductive zoology
0,C140,Developmental/Reproductive biology,Developmental/Reproductive biology
1,B821,Diagnostic,"Radiography, diagnostic"
1,B410,Dietetics,Dietetics
1,H651,Digital circuit engineering,Digital circuit engineering
0,W420,Directing for theatre,Directing for theatre
0,W611,Directing motion pictures,Directing motion pictures
0,L340,Disability in society,Disability in society
0,N250,disaster management,Emergency & disaster management
1,N252,Disaster management,Disaster management
0,J970,disaster technologies,Emergency & disaster technologies
0,D411,diseases,Agricultural pests & diseases
0,D511,diseases,Forestry pests & diseases
0,I113,Displays ,Displays & imaging
1,N530,Distribution,Distribution
1,V630,Divinity,Divinity
0,P000,documentation,Mass communications & documentation
1,N223,Domestic management,Domestic management
0,D472,drainage,Agricultural irrigation & drainage
0,D541,drainage,Forestry irrigation & drainage
1,W400,Drama,Drama
1,W110,Drawing,Drawing
0,W712,Dressmaking,Dressmaking
0,R911,Dutch,Dutch
0,J422,Dying ,Dying & colouring of textiles
1,H310,Dynamics,Dynamics
1,F640,Earth science,Earth science
0,V254,East African history,East African history
0,T411,East Asian language studies,East Asian language studies
0,T421,East Asian literature studies,East Asian literature studies
0,T431,East Asian society ,East Asian society & culture studies
0,R710,East European languages,Russian & East European languages
0,R720,east European Literature,Russian & east European Literature
0,R730,east European society ,Russian & east European society & culture
0,R700,East European studies,Russian & East European studies
0,T990,Eastern,"Eastern, Asiatic, African, American & Australasian languages, literature"
0,T000,Eastern,"Eastern, Asiatic, African, American & Australasian languages, literature & related subjects"
0,T511,Eastern African language studies,Eastern African language studies
0,T521,Eastern African literature studies,Eastern African literature studies
0,T531,Eastern African society ,Eastern African society & culture studies
0,I161,e-business,e-business
1,C180,Ecology,Ecology
1,L140,Econometrics,Econometrics
1,L721,Economic geography,Economic geography
1,V310,Economic history,Economic history
0,L113,Economic policy,Economic policy
0,L170,Economic systems,Economic systems
1,L100,Economics,Economics
1,C185,Ecosystem ecology ,Ecosystem ecology & land use
1,C187,Ecotoxicology,Ecotoxicology
0,X000,Education,Education
0,L433,Education policy,Education policy
1,C812,Educational psychology,Educational psychology
0,F765,effects,Radiative processes & effects
0,V410,Egyptology,Egyptology
0,W381,Electracoustic composition/acousmatic composition,Electracoustic composition/acousmatic composition
0,H600,electrical engineering,Electronic & electrical engineering
1,H620,Electrical engineering,Electrical engineering
0,H630,Electrical power,Electrical power
0,H632,Electrical power distribution,Electrical power distribution
0,H631,Electrical power generation,Electrical power generation
1,W373,Electroacoustic studies,Electro-acoustic studies
1,F341,Electromagnetism,Electromagnetism
1,H360,Electromechanical engineering,Electromechanical engineering
0,H600,Electronic ,Electronic & electrical engineering
1,W280,Electronic design,Interactive & electronic design
1,H610,Electronic engineering,Electronic engineering
1,P304,Electronic media studies,Electronic media studies
1,W383,Electronic music,Electronic music
0,P410,Electronic publishing,Electronic publishing
0,W316,Electronic/electro-acoustic music performance,Electronic/electro-acoustic music performance
0,J970,Emergency ,Emergency & disaster technologies
0,N250,Emergency ,Emergency & disaster management
0,B773,Emergency nursing,Emergency nursing
1,N251,Emergency services management,Emergency services management
0,L436,Emergency services policy,Emergency services policy
0,H800,energy engineering,"Chemical, process & energy engineering"
0,H221,Energy resources,Energy resources
1,J910,Energy technologies,Energy technologies
1,H000,Engineering,Engineering
0,H150,Engineering design,Engineering design
1,F612,Engineering geology,Engineering geology
0,J511,Engineering materials,Engineering materials
1,G160,Engineering mathematics,Engineering/industrial mathematics
1,F311,Engineering physics,Engineering physics
1,H242,Engineering surveying,Engineering surveying
0,Q330,English as a second language,English as a second language
0,V214,English history,English history
0,Q310,English language,English language
0,M111,English law,English law
1,Q320,English literature,English literature
0,Q322,English literature by author,English literature by author
0,Q321,English literature by period,English literature by period
0,Q323,English literature by topic,English literature by topic
0,Q340,English literature written as a second language,English literature written as a second language
0,Q300,English studies,English studies
1,C340,Entomology,Entomology
1,C150,Environmental biology,Environmental biology
1,J730,Environmental biotechnology,Environmental biotechnology
1,F140,Environmental chemistry,Environmental chemistry
0,D447,Environmental conservation,Environmental conservation
1,H220,Environmental engineering,Environmental engineering
1,F810,Environmental geography,Environmental geography
0,B910,Environmental health,Environmental health
0,H223,Environmental impact assessment,Environmental impact assessment
0,F755,Environmental informatics,Environmental informatics
1,F330,Environmental physics,Environmental physics
0,F756,Environmental physiology,Environmental physiology
1,F750,Environmental science,Environmental sciences
0,L217,Environmentalism,Environmentalism
1,V511,Epistemology,Epistemology
0,D422,Equine studies,Equine studies
1,J920,Ergonomics,Ergonomics
0,L330,Ethnic studies,Ethnic studies
1,W351,Ethnomusicology music,Ethnomusicology/world music
0,N110,European business studies,European business studies
0,V220,European history,European history
0,R000,European languages,"European languages, literature & related subjects"
0,R800,European studies,European studies
0,M120,European Union law,European Union law
0,L241,European Union politics,European Union politics
0,W471,European/world theatre arts,European/world theatre arts
1,N820,Event management,Event management
0,C182,Evolution,Evolution
0,C470,evolution,Population genetics & evolution
1,C864,Evolutionary psychology,Evolutionary psychology
1,C600,Exercise science,Sport & exercise science
0,D425,Exotic livestock,Exotic livestock
0,D418,Exotic plants ,Exotic plants & crops
1,C856,Experimental psychology,Experimental psychology
0,I270,expert systems,Intelligent & expert systems
1,F621,Exploration geology,Exploration geology
1,F661,Exploration geophysics,Exploration geophysics
0,W710,Fabric ,Fabric & leather crafts
0,P510,Factual reporting,Factual reporting
1,V323,Family history,Family history
0,D441,Farm management,Farm management
0,L215,Fascism,Fascism
0,L216,Feminism,Feminism
0,W613,Film ,Film & sound recording
1,W230,Fashion design,Clothing/fashion design
0,P313,Film production,Film production
1,W342,Film music,Film music/screen music
1,P303,Film studies,Film studies
1,N300,Finance,Finance
1,L111,Financial economics,Financial economics
0,N422,Financial reporting,Financial reporting
1,N340,Financial management,Financial management
1,N341,Financial risk,Financial risk
0,W160,Fine art conservation,Fine art conservation
0,R613,Finnish language,Finnish language
0,R623,Finnish literature,Finnish literature
0,R633,Finnish society ,Finnish society & culture
1,W100,Fine art,Fine art
0,D430,Fish farming,Fish farming
0,D431,Fish husbandry,Fish husbandry
0,R912,Flemish,Flemish
1,H121,Fire safety engineering,Fire safety engineering
1,H441,Flight mechanics,Flight mechanics
1,H141,Fluid mechanics,Fluid mechanics
0,D600,Food ,Food & beverage studies
0,D630,Food ,Food & beverage production
0,D631,Food ,Food & beverage manufacture
0,D632,Food ,Food & beverage processing
0,D633,Food ,Food & beverage technology
0,D640,Food ,Food & beverages for the consumer
0,D641,Food ,Food & beverage packaging
0,D642,Food ,Food & beverage delivery
1,W344,Folk music,Folk music
1,D620,Food hygiene,Food hygiene
0,J445,Footwear production,Footwear production
0,F400,Forensic ,Forensic & archaeological sciences
1,D610,Food science,Food science
1,C816,Forensic psychology,Forensic psychology
1,F410,Forensic science,Forensic science
0,D541,Forestry irrigation ,Forestry irrigation & drainage
0,D511,Forestry pests ,Forestry pests & diseases
1,D500,Forestry ,Forestry & arboriculture
0,V221,French history,French history
0,R110,French language,French language
0,R120,French literature,French literature
0,R130,French society ,French society & culture
0,R100,French studies,French studies
1,D540,Forestry technology,Forestry technology
0,D432,Freshwater fish,Freshwater fish
1,C162,Freshwater biology,Freshwater biology
1,D410,Fruit farming,Arable & fruit farming
0,D461,fruit farming,Organic arable & fruit farming
1,D614,Fruit science,Fruit science
1,C451,Functional genomics,Functional genomics
1,W260,Furniture design,Furniture design
0,J513,Furniture technology,Furniture technology
0,D424,Game keeping,Game keeping
0,D442,Game keeping management,Game keeping management
0,I600,Games,Games
0,K300,garden design,Landscape & garden design
0,K340,Garden design,Garden design
0,K341,Garden horticulture,Garden horticulture
1,H840,Gas engineering,Gas engineering
1,J530,Gemmology,Gemmology
0,W353,gender,Music & gender
0,L320,Gender studies,Gender studies
0,V750,genealogy,"Oral history, heritage & genealogy"
1,V750,Genealogy,"Oral history, heritage & genealogy"
1,H100,General engineering,General engineering
1,H241,General practice surveying,General practice surveying
1,C460,Genetic engineering,Genetic engineering
0,C452,Genome organisation,Genome organisation
1,C400,Genetics,Genetics
1,C450,Genomics,Genomics
0,F846,Geographical information systems,Geographical information systems
0,F680,Geohazards,Geohazards
1,F670,Geochemistry,Geochemistry
1,F650,Geological oceanography,Geological oceanography
1,F600,Geology,Geology
1,F842,Geomorphology,Geomorphology
0,F642,Geoscience,Geoscience
1,F660,Geophysics,Geophysics
1,H250,Geotechnical engineering,Geotechnical engineering
0,V222,German history,German history
0,R210,German language,German language
0,R220,German literature,German literature
0,R230,German society ,German society & culture
0,R200,German studies,German studies
1,F630,Geotechnology,Geotechnology
0,J300,glass,Ceramics & glass
0,W770,Glass crafts,Glass crafts
1,F780,Glaciology ,Glaciology & cryospheric systems
0,W771,Glassblowing,Glassblowing
0,D416,Glasshouse culture,Glasshouse culture
0,Q521,Goidelic group of languages,Goidelic group of languages
1,J320,Glass technology,Glass technology
1,W210,Graphic design,Graphic design
0,B350,Hair ,Hair & beauty science
0,B351,Hair services,Hair services
0,L510,Health ,Health & welfare
0,N620,Health ,Health & safety issues
1,V472,Greek art ,Greek art & archaeology
0,L431,Health policy,Health policy
1,I500,Health informatics,Health informatics
1,C841,Health psychology,Health psychology
0,B712,Health visiting,Health visiting
0,Q480,Hebrew,Hebrew
1,I510,Health technologies,Health technologies
0,V750,heritage ,"Oral history, heritage & genealogy"
0,V720,Heritage site management,Heritage site management
1,B342,Herbalism,Herbalism
0,V710,Heritage theory,Heritage theory
0,I114,High end computing,High end computing
0,V624,Hinduism,Hinduism
0,V000,Historical ,Historical & philosophical studies
1,V700,Heritage studies,Heritage studies
1,L725,Historical geography,Historical geography
0,W317,Historical performance practice,Historical performance practice
0,V200,History by area,History by area
0,V100,History by period,History by period
0,V300,History by topic,History by topic
0,V360,History of architecture,History of architecture
0,V350,History of art,History of art
0,V382,History of chemistry,History of chemistry
0,W631,History of cinematics,History of cinematics
0,W630,History of cinematics ,History of cinematics & photography
0,W530,History of dance,History of dance
0,V370,History of design,History of design
0,V383,History of mathematics,History of mathematics
0,V384,History of medicine,History of medicine
0,W330,History of music,History of music
0,W632,History of photography,History of photography
0,V381,History of physics,History of physics
0,C834,History of psychology,History of psychology
0,V330,History of religions,History of religions
0,V380,History of science,History of science
0,N800,Hospitality,"Hospitality, leisure, sport, tourism & transport"
1,Q120,Historical linguistics,Historical linguistics
1,N860,Hospitality,Hospitality
1,N862,Hospitality management,Hospitality management
0,K450,Housing,Housing
0,L700,Human ,Human & social geography
0,L710,Human ,Human & social geography by area
0,L711,Human ,Human & social geography of Europe
0,L712,Human ,Human & social geography of Asia
0,L713,Human ,Human & social geography of Africa
0,L714,Human ,Human & social geography of Australasia
0,L715,Human ,Human & social geography of the Americas
0,L716,Human ,Human & social geography of the Arctic/Antarctic
0,L720,Human ,Human & social geography by topic
1,N861,Hospitality studies,Hospitality studies
1,L728,Human Demography,Human Demography
1,C420,Human genetics,Human genetics
0,I140,Human-computer interaction,Human-computer interaction
0,R706,Hungarian studies,Hungarian studies
0,F644,Hydrogeology,Hydrogeology
1,N600,Human resource management,Human resource management
1,F720,Hydrography,Hydrography
0,B345,Hypnotherapy,Hypnotherapy
0,V224,Iberian history,Iberian history
1,F752,Hydrology,Hydrology
0,W800,Imaginative writing,Imaginative writing
0,H166,Imaging,Imaging
0,I113,imaging,Displays & imaging
0,W220,Illustration,Illustration
0,V242,Indian history,Indian history
0,T311,Indian language studies,Indian language studies
0,T321,Indian literature studies,Indian literature studies
0,T331,Indian society ,Indian society & culture studies
0,C870,individual differences,Personality & individual differences
0,D634,Industrial baking,Industrial baking
1,C550,Immunology,Immunology
0,D635,Industrial brewing,Industrial brewing
1,J740,Industrial biotechnology,Industrial biotechnology
1,F111,Industrial chemistry,Industrial chemistry
0,J942,Industrial machinery maintenance,Industrial machinery maintenance
0,N611,Industrial relations,Industrial relations
1,W240,Industrial design,Industrial/product design
0,W370,industry,Music technology & industry
1,F611,Industrial geology,Industrial geology
0,I210,Information modelling,Information modelling
0,P100,Information services,Information services
0,I200,Information systems,Information systems
0,W733,inlaying,Marquetry & inlaying
1,P110,Information management,Information management
1,F120,Inorganic chemistry,Inorganic chemistry
0,W311,Instrumental or vocal performance,Instrumental or vocal performance
0,H168,instrumentation,Medical devices & instrumentation
0,H661,Instrumentation control,Instrumentation control
0,N320,insurance,Investment & insurance
1,N220,Institutional management,Institutional management
0,H612,Integrated circuit design,Integrated circuit design
1,N322,Insurance,Insurance
1,H110,Integrated engineering,Integrated engineering
0,I270,Intelligent ,Intelligent & expert systems
1,V340,Intellectual history,Intellectual history
0,P430,Interactive publishing,Interactive publishing
1,W280,Interactive design,Interactive & electronic design
1,K120,Interior architecture,Interior architecture
1,W250,Interior design,Interior design
0,N120,International business studies,International business studies
0,L244,International constitutional studies,International constitutional studies
0,L253,International criminology,International criminology
1,D450,International agriculture,International agriculture
1,L160,International economics,International economics
0,V271,International history,International history
1,D520,International forestry,International forestry
1,N550,International marketing,International marketing
1,L240,International politics,International politics
0,L420,International social policy,International social policy
1,L250,International relations,International relations
1,I160,Internet,Internet
0,N320,Investment ,Investment & insurance
0,Q540,Irish Gaelic,Irish Gaelic
0,Q541,Irish Gaelic literature,Irish Gaelic literature
0,V211,Irish history,Irish history
0,Q370,Irish language,Irish language
1,N321,Investment,Investment
0,V440,Iron Age,Iron Age
0,V622,Islamic studies,Islamic studies
0,V642,Islamic texts,The Qur'an & Islamic texts
0,V223,Italian history,Italian history
0,R310,Italian language,Italian language
0,R320,Italian literature,Italian literature
0,R330,Italian society ,Italian society & culture
0,R300,Italian studies,Italian studies
0,T210,Japanese language studies,Japanese language studies
0,T220,Japanese literature studies,Japanese literature studies
0,T230,Japanese society ,Japanese society & culture studies
0,T200,Japanese studies,Japanese studies
1,Q380,Irish literature,Irish literature
1,W343,Jazz,Jazz
1,W387,Jazz composition,Jazz composition
0,W314,Jazz performance,Jazz performance
1,W544,Jazz dance,Jazz dance
0,V643,Judaic texts,The Torah & Judaic texts
0,V623,Judaism,Judaism
1,P500,Journalism,Journalism
0,L173,Keynesianism,Keynesianism
0,I420,Knowledge representation,Knowledge representation
0,T615,Kurdish language studies,Kurdish language studies
0,T625,Kurdish literature studies,Kurdish literature studies
0,T635,Kurdish society ,Kurdish society & culture studies
0,N230,Land ,Land & property management
1,M240,Jurisprudence,Jurisprudence
0,D444,Land management for recreation,Land management for recreation
0,N851,Land travel,Land travel
0,C185,land use,Ecosystem ecology & land use
0,F646,Land-atmosphere interactions,Land-atmosphere interactions
0,F733,Land-ocean interaction,Land-ocean interaction
0,K300,Landscape ,Landscape & garden design
0,K310,Landscape architecture,Landscape architecture
0,K330,Landscape design,Landscape design
0,D448,landscape development,Sustainable agricultural & landscape development
0,K320,Landscape studies,Landscape studies
1,N231,Land management,Land management
0,F762,Large-scale atmospheric dynamics ,Large-scale atmospheric dynamics & transport
1,B630,Language pathology,Language pathology
0,V161,Late Antique history,Late Antique history
0,Q712,Late Greek,Late Greek
0,T711,Latin American language studies,Latin American language studies
0,T721,Latin American literature studies,Latin American literature studies
0,T731,Latin American society ,Latin American society & culture studies
0,Q610,Latin language,Latin language
0,Q620,Latin literature,Latin literature
0,Q630,Latin literature in translation,Latin literature in translation
0,Q600,Latin studies,Latin studies
1,F361,Laser physics,Laser physics
0,M100,Law by area,Law by area
0,M200,Law by topic,Law by topic
0,C853,learning,Psychology of memory & learning
0,B761,Learning disability nursing,Learning disability nursing
0,W710,leather crafts,Fabric & leather crafts
1,M000,Law,Law
0,W715,Leatherwork,Leatherwork
0,M250,Legal practice,Legal practice
0,N800,leisure,"Hospitality, leisure, sport, tourism & transport"
0,N870,leisure studies,Recreation & leisure studies
0,L211,Liberalism,Liberalism
0,P120,Librarianship,Librarianship
1,J430,Leather technology,Leather technology
1,P121,Library studies,Library studies
0,Q000,Linguistics,"Linguistics, classics & related subjects"
0,T990,literature,"Eastern, Asiatic, African, American & Australasian languages, literature"
0,R000,literature ,"European languages, literature & related subjects"
1,Q100,Linguistics,Linguistics
0,Q220,Literature in its original language,Literature in its original language
0,Q210,Literature in translation,Literature in translation
0,W470,live arts,Performance & live arts
0,D420,Livestock,Livestock
0,D421,Livestock husbandry,Livestock husbandry
1,T000,Literature ,"Eastern, Asiatic, African, American & Australasian languages, literature & related subjects"
0,J441,Machine knitting,Machine knitting
1,V321,Local history,Local history
0,J940,Machinery maintenance,Machinery maintenance
0,H320,machines,Mechanisms & machines
1,I460,Machine learning,Machine learning
0,B353,Make-up,Make-up
0,N224,Management ,Management & organisation of education
0,N411,management accountancy,Cost & management accountancy
0,N200,Management studies,Management studies
0,N210,Management techniques,Management techniques
0,F645,Mantle ,Mantle & core processes
0,H700,manufacturing engineering,Production & manufacturing engineering
0,H712,Manufacturing installation systems,Manufacturing installation systems
0,H711,Manufacturing systems design,Manufacturing systems design
0,H710,Manufacturing systems engineering,Manufacturing systems engineering
0,H714,Manufacturing systems maintenance,Manufacturing systems maintenance
0,Q550,Manx,Manx
0,Q551,Manx literature,Manx literature
1,L130,Macroeconomics,Macroeconomics
1,C161,Marine biology,Marine biology
1,F141,Marine chemistry,Marine chemistry
0,J611,Marine navigation,Marine navigation
1,F631,Marine geotechnology,Marine geotechnology
0,J614,Marine plumbing,Marine plumbing
0,J612,Marine radar,Marine radar
0,J613,Marine radio,Marine radio
1,F332,Marine physics,Marine physics
1,F710,Marine sciences,Marine sciences
1,J610,Marine technology,Marine technology
0,C160,Marine/Freshwater biology,Marine/Freshwater biology
1,C350,Marine zoology,Marine zoology
1,F841,Maritime geography,Maritime geography
1,J600,Maritime technology,Maritime technology
1,N510,Market research,Market research
0,W733,Marquetry ,Marquetry & inlaying
0,P000,Mass communications ,Mass communications & documentation
1,N500,Marketing,Marketing
1,F200,Materials science,Materials science
0,J500,Materials technology not otherwise specified,Materials technology not otherwise specified
0,G130,Mathematical methods,Mathematical methods
0,G150,Mathematical modelling,Mathematical modelling
1,J510,Materials technology,Materials technology
1,F340,Mathematical physics,Mathematical & theoretical physics
1,G350,Mathematical statistics,Mathematical statistics
1,G100,Mathematics,Mathematics
1,D611,Meat science,Meat science
1,H300,Mechanical engineering,Mechanical engineering
1,H140,Mechanics,Mechanics
0,H320,Mechanisms ,Mechanisms & machines
0,G121,Mechanics (mathematical),Mechanics (mathematical)
0,P310,Media production,Media production
1,H730,Mechatronics,Mechatronics
0,C740,Medical ,Medical & veterinary biochemistry
1,P300,Media studies,Media studies
1,C741,Medical biochemistry,Medical biochemistry
0,H168,Medical devices ,Medical devices & instrumentation
0,C430,Medical genetics,Medical & veterinary genetics
1,J750,Medical biotechnology,Medical biotechnology
1,C431,Medical genetics,Medical genetics
0,C520,Medical microbiology,Medical & veterinary microbiology
1,M260,Medical law,Medical law
0,B770,Medical nursing,Medical nursing
1,C521,Medical microbiology,Medical microbiology
1,F350,Medical physics,Medical physics
1,G311,Medical statistics,Medical statistics
1,B800,Medical technology,Medical technology
0,C840,medicine,Psychology in health & medicine
1,F150,Medicinal chemistry,Medicinal chemistry
1,A000,Medicine ,Medicine & dentistry
0,Q612,Medieval Latin,Medieval Latin
0,L322,Men's studies,Men's studies
0,B760,Mental health nursing,Mental health nursing
1,V150,Medieval history,Medieval history
1,C848,Mental health,Psychology of mental health
0,W720,Metal crafts,Metal crafts
1,V560,Mental philosophy,Mental philosophy
1,C730,Metabolic biochemistry,Metabolic biochemistry
1,J220,Metallic fabrication,Metallic fabrication
1,J200,Metallurgy,Metallurgy
0,C830,Methodological ,Methodological & conceptual issues in psychology
1,V510,Metaphysics,Metaphysics
1,F761,Meteorology,Meteorology
1,C500,Microbiology,Microbiology
1,L120,Microeconomics,Microeconomics
0,B720,Midwifery,Midwifery
1,H611,Microelectronic engineering,Microelectronic engineering
0,J444,Millinery,Millinery
1,H644,Microwave engineering,Microwave engineering
0,J150,Minerals surveying,Minerals surveying
1,V391,Military history,Military history
1,J140,Minerals processing,Minerals processing
1,J100,Minerals technology,Minerals technology
0,Q520,Modern Celtic studies,Modern Celtic studies
0,T614,Modern Hebrew language studies,Modern Hebrew language studies
0,T624,Modern Hebrew literature studies,Modern Hebrew literature studies
0,T634,Modern Hebrew society ,Modern Hebrew society & culture studies
1,J110,Mining,Mining
0,V141,Modern history 1500-1599,Modern history 1500-1599
0,V142,Modern history 1600-1699,Modern history 1600-1699
0,V143,Modern history 1700-1799,Modern history 1700-1799
0,V144,Modern history 1800-1899,Modern history 1800-1899
0,V145,Modern history 1900-1919,Modern history 1900-1919
0,V146,Modern history 1920-1949,Modern history 1920-1949
0,V147,Modern history 1950-1999,Modern history 1950-1999
0,V148,Modern history 2000-2099,Modern history 2000-2099
0,T610,Modern Middle Eastern language studies,Modern Middle Eastern language studies
0,T620,Modern Middle Eastern literature studies,Modern Middle Eastern literature studies
0,T630,Modern Middle Eastern society ,Modern Middle Eastern society & culture studies
0,T600,Modern Middle Eastern studies,Modern Middle Eastern studies
0,T612,Modern Standard Arabic language studies,Modern Standard Arabic language studies
1,F620,Mining geology,Mining geology
1,V140,Modern history,Modern history
0,L172,Monetarism,Monetarism
0,F732,monitoring,Oceanographic survey & monitoring
1,C700,Molecular biology,"Molecular biology, biophysics & biochemistry"
1,C440,Molecular genetics,Molecular genetics
0,W610,Moving image techniques,Moving image techniques
1,V520,Moral philosophy,Moral philosophy
0,W212,Multimedia design,Multimedia design
1,B850,Mortuary technology,Mortuary technology
0,P420,Multimedia publishing,Multimedia publishing
1,I150,Multimedia computing science,Multimedia computing science
1,W386,Multimedia music composition,Multimedia music composition
0,W353,Music ,Music & gender
0,W320,Music education/teaching,Music education/teaching
0,W375,Music management/music industry management/arts management,Music management/music industry management/arts management
0,W376,Music marketing,Music marketing
0,W374,Music production,Music production
1,P131,Museum studies,Museum studies
0,J931,Music recording,Music recording
1,W300,Music,Music
0,W356,Music theory ,Music theory & analysis
0,W360,Musical instrument history,Musical instrument history
1,W355,Music psychology,Music psychology
0,W312,Musical theatre,Musical theatre
0,W310,Musicianship/performance studies,Musicianship/performance studies
1,W370,Music technology ,Music technology & industry
1,J950,Musical instrument technology,Musical instrument technology
0,L214,Nationalism,Nationalism
0,V730,Natural heritage,Natural heritage
0,I410,natural language processing,Speech & natural language processing
1,W350,Musicology,Musicology
0,W711,Needlecraft,Needlecraft
0,B731,Neonatal care,Neonatal care
0,T315,Nepali language studies,Nepali language studies
0,T325,Nepali literature studies,Nepali literature studies
0,T335,Nepali society ,Nepali society & culture studies
1,C220,Mycology,Mycology
1,H500,Naval architecture,Naval architecture
1,I120,Networks ,Networks & communications
1,I430,Neural computing,Neural computing
0,V262,New Zealand history,New Zealand history
0,V251,North African history,North African history
0,T513,Northern African language studies,Northern African language studies
0,T523,Northern African literature studies,Northern African literature studies
0,T533,Northern African society ,Northern African society & culture studies
0,M113,Northern Irish law,Northern Irish law
0,R612,Norwegian language,Norwegian language
0,R622,Norwegian literature,Norwegian literature
0,R632,Norwegian society ,Norwegian society & culture
1,H169,Neural engineering,Neural engineering
1,B140,Neuroscience,Neuroscience
1,H821,Nuclear engineering,Nuclear engineering
1,F370,Nuclear physics,Nuclear & particle physics
1,G140,Numerical analysis,Numerical analysis
1,B700,Nursing,Nursing
0,B920,Occupational health,Occupational health
1,B400,Nutrition,Nutrition
0,B930,Occupational therapy,Occupational therapy
0,F731,Ocean circulation,Ocean circulation
1,I322,Object-oriented programming,Object-oriented programming
0,F732,Oceanographic survey ,Oceanographic survey & monitoring
1,C811,Occupational psychology,Occupational psychology
0,J941,Office machinery maintenance,Office machinery maintenance
0,N700,Office skills,Office skills
0,J521,Offset lithography,Offset lithography
1,F730,Ocean sciences,Ocean sciences
0,B741,Older people nursing,Older people nursing
0,L224,Oligarchy,Oligarchy
1,N710,Office administration,Office administration
0,I110,operating systems,Computer architectures & operating systems
0,I112,Operating systems,Operating systems
1,H350,Offshore engineering,Offshore engineering
1,W345,Opera,Opera
1,G200,Operational research,Operational research
1,B500,Ophthalmics,Ophthalmics
0,B510,Optometry,Optometry
1,F360,Optical physics,Optical physics
1,H680,Optoelectronic engineering,Optoelectronic engineering
1,V750,Oral heritage,"Oral history, heritage & genealogy"
1,V322,Oral history,Oral history
0,D461,Organic arable ,Organic arable & fruit farming
1,B600,Oral sciences,Aural & oral sciences
1,B600,oral sciences,Aural & oral sciences
0,D463,Organic fish farming,Organic fish farming
1,F160,Organic chemistry,Organic chemistry
0,D462,Organic livestock,Organic livestock
0,N224,organisation of education,Management & organisation of education
0,N215,Organisational development,Organisational development
1,D460,Organic farming,Organic farming
1,D530,Organic forestry,Organic forestry
0,W782,Origami,Origami
0,D434,Ornamental fish,Ornamental fish
0,B520,Orthoptics,Orthoptics
0,B310,Osteopathy,Osteopathy
0,T410,Other Asian language studies,Other Asian language studies
0,T420,Other Asian literature studies,Other Asian literature studies
0,V626,Other Asian religious studies,Other Asian religious studies
0,T430,Other Asian society ,Other Asian society & culture studies
0,T400,Other Asian studies,Other Asian studies
0,R910,Other European languages,Other European languages
0,R920,Other European literature,Other European literature
0,R930,Other European societies ,Other European societies & cultures
0,D340,Overseas veterinary development,Overseas veterinary development
1,C814,Organisational psychology,Organisational psychology
0,T312,Pakistani language studies,Pakistani language studies
0,T322,Pakistani literature studies,Pakistani literature studies
0,T332,Pakistani society ,Pakistani society & culture studies
0,F641,Palaeontology,Palaeontology
1,F161,Organometallic chemistry,Organometallic chemistry
0,W780,Paper crafts,Paper crafts
0,J512,Paper technology,Paper technology
1,W120,Painting,Painting
0,I115,Parallel computing,Parallel computing
0,B950,Paramedical science,Paramedical science
1,B701,Palliative care nursing,Palliative care nursing
1,P305,Paper-based media studies,Paper-based media studies
0,V650,Pastoral studies,Pastoral studies
1,C111,Parasitology,Parasitology
1,F370,Particle physics,Nuclear & particle physics
0,B130,Pathology,Pathology
0,J443,Pattern cutting,Pattern cutting
0,J221,Pattern making,Pattern making
1,B132,Pathobiology,Pathobiology
0,L252,peace studies,War & peace studies
0,W470,Performance ,Performance & live arts
1,B100,Pathology,"Anatomy, physiology & pathology"
0,T613,Persian language studies,Persian language studies
0,T623,Persian literature studies,Persian literature studies
0,T633,Persian society ,Persian society & culture studies
0,C870,Personality ,Personality & individual differences
1,H232,Pavement engineering,Pavement engineering
1,H231,Permanent way engineering,Permanent way engineering
1,C360,Pest science,Pest science
1,F164,Petrochemical chemistry,Petrochemical chemistry
1,J160,Petrochemical technology,Petrochemical technology
1,H850,Petroleum engineering,Petroleum engineering
1,F151,Pharmaceutical chemistry,Pharmaceutical chemistry
0,B210,Pharmacology,Pharmacology
1,H812,Pharmaceutical engineering,Pharmaceutical engineering
0,B230,Pharmacy,Pharmacy
0,V000,philosophical studies,Historical & philosophical studies
1,B200,Pharmacology,"Pharmacology, toxicology & pharmacy"
0,W354,Philosophy,"Philosophy, aesthetics & criticism of music"
0,C835,Philosophy of psychology,Philosophy of psychology
1,B200,pharmacy,"Pharmacology, toxicology & pharmacy"
1,V500,Philosophy,Philosophy
0,Q130,Phonetics ,Phonetics & phonology
0,Q130,phonology,Phonetics & phonology
1,V550,Philosophy of science,Philosophy of science
0,W600,photography,Cinematics & photography
0,W630,photography,History of cinematics & photography
1,Q131,Phonetics,Phonetics
0,J522,Photo-lithography,Photo-lithography
0,L620,Physical ,Physical & biological anthropology
1,Q132,Phonology,Phonology
1,W640,Photography,Photography
1,F170,Physical chemistry,Physical chemistry
1,F800,Physical geographical science,Physical geographical sciences
0,B960,Physician assistant studies,Physician assistant studies
1,F840,Physical geography,Physical geography
0,B120,Physiology,Physiology
1,F000,Physical science,Physical sciences
1,F300,Physics,Physics
1,B100,physiology ,"Anatomy, physiology & pathology"
0,F520,planetary sciences,Space & planetary sciences
0,K000,planning,"Architecture, building & planning"
0,K400,Planning (urban,"Planning (urban, rural & regional)"
0,K430,Planning studies,Planning studies
1,B160,Physiotherapy,Physiotherapy
1,F522,Planetary science,Planetary science
1,C750,Plant biochemistry,Plant biochemistry
1,C230,Plant biotechnology,Plant biotechnology
1,J710,Plant biotechnology,"Plant biotechnology (crops, trees, shrubs etc.)"
1,C240,Plant cell science,Plant cell science
0,J411,Plastics,Plastics
0,L223,Plutocracy,Plutocracy
1,C250,Plant pathology,Plant pathology
0,W820,Poetry writing,Poetry writing
0,R712,Polish language,Polish language
0,R722,Polish literature,Polish literature
0,R732,Polish society ,Polish society & culture
0,R703,Polish studies,Polish studies
1,C260,Plant physiology,Plant physiology
1,B170,Podiatry,Podiatry
1,L150,Political economics,Political economics
0,L220,Political systems,Political systems
0,L210,Political theories,Political theories
1,L723,Political geography,Political geography
0,L243,Politics of a specific country/region,Politics of a specific country/region
0,F753,Pollution control,Pollution control
1,L380,Political sociology,Political sociology
0,J400,Polymers ,Polymers & textiles
1,L200,Politics,Politics
1,F162,Polymer chemistry,Polymer chemistry
0,W388,Popular music composition,Popular music composition
0,W315,Popular music performance,Popular music performance
1,J410,Polymers technology,Polymers technology
1,W341,Popular music,Popular music
1,C170,Population biology,Population biology
0,R510,Portuguese language,Portuguese language
0,R511,Portuguese languages in other countries,Portuguese languages in other countries
0,R520,Portuguese literature,Portuguese literature
0,R530,Portuguese society ,Portuguese society & culture
0,R500,Portuguese studies,Portuguese studies
0,W751,Pottery,Pottery
0,D423,Poultry keeping,Poultry keeping
0,B714,Practice nursing,Practice nursing
0,Q460,Prakrit,Prakrit
1,C186,Population ecology,Population ecology
1,C470,Population genetics ,Population genetics & evolution
1,A200,Preclinical dentistry,Pre-clinical dentistry
0,J520,Printing,Printing
1,A100,Preclinical medicine,Pre-clinical medicine
1,D100,Preclinical veterinary medicine,Pre-clinical veterinary medicine
1,W140,Printmaking,Printmaking
0,L560,Probation/after-care,Probation/after-care
1,M220,Private law,Private law
0,H800,process ,"Chemical, process & energy engineering"
0,W430,Producing for theatre,Producing for theatre
0,W612,Producing motion pictures,Producing motion pictures
0,H700,Production ,Production & manufacturing engineering
0,H713,Production processes,Production processes
0,W441,professional practice,Theatre & professional practice
1,G320,Probability,Probability
1,I321,Procedural programming,Procedural programming
0,N560,Promotion ,Promotion & advertising
0,K251,Property development,Property development
1,I320,Programming,Programming
0,N230,property management,Land & property management
1,N213,Project management,Project management
0,N234,Property valuation ,Property valuation & auctioneering
0,H450,Propulsion systems,Propulsion systems
0,W830,Prose writing,Prose writing
0,B830,prosthetics (non-clinical),Biomechanics & prosthetics (non-clinical)
0,C847,Psychoanalytical studies,Psychoanalytical studies
1,M223,Property law,Property law
1,N232,Property management,Property management
0,C851,Psychological modelling,Psychological modelling
1,C860,Psychobiology,Psychobiology
0,C840,Psychology in health ,Psychology in health & medicine
0,C852,Psychology of communication,Psychology of communication
0,C872,Psychology of gender,Psychology of gender
0,C855,Psychology of higher cognitive processes,Psychology of higher cognitive processes
0,C853,Psychology of memory ,Psychology of memory & learning
1,Q150,Psycholinguistics,Psycholinguistics
0,C854,Psychology of perception,Psychology of perception
1,C800,Psychology,Psychology
1,C871,Psychometrics,Psychometrics
0,C844,Psychotherapy,Psychotherapy
0,N412,Public accountancy,Public accountancy
0,L231,Public administration,Public administration
1,C863,Psychopharmacology,Psychopharmacology
0,M130,Public international law,Public international law
1,H123,Public health engineering,Public health engineering
0,L430,Public policy,Public policy
1,M210,Public law,Public law
1,P210,Public relations,Public relations
1,P200,Publicity studies,Publicity studies
0,P411,Publishing on audio/video tape,Publishing on audio/video tape
0,P412,Publishing on CD-ROM,Publishing on CD-ROM
0,P413,Publishing via the World Wide Web,Publishing via the World Wide Web
1,P400,Publishing,Publishing
0,C833,Qualitative psychology,Qualitative psychology
1,G110,Pure mathematics,Pure mathematics
0,C832,Quantitative psychology,Quantitative psychology
0,K240,Quantity surveying,Quantity surveying
1,H720,Quality assurance engineering,Quality assurance engineering
1,F342,Quantum mechanics,Quantum mechanics
0,F643,Quaternary studies,Quaternary studies
1,J120,Quarrying,Quarrying
0,F765,Radiative processes ,Radiative processes & effects
0,P312,Radio production,Radio production
1,F351,Radiation physics,Radiation physics
1,P302,Radio studies,Radio studies
0,B822,Radiography,"Radiography, therapeutic"
1,B821,Radiography,"Radiography, diagnostic"
1,B820,Radiology,Radiology
0,N870,Recreation ,Recreation & leisure studies
0,N614,Recruitment methods,Recruitment methods
0,W760,Reed crafts,Reed crafts
0,B346,Reflexology,Reflexology
0,H165,regenerative medicine,Tissue engineering & regenerative medicine
0,K410,Regional planning,Regional planning
0,K400,regional),"Planning (urban, rural & regional)"
0,C630,rehabilitation ,"Sport conditioning, rehabilitation & therapy"
1,H332,Rail vehicle engineering,Rail vehicle engineering
0,D000,related subjects,"Veterinary sciences, agriculture & related subjects"
0,Q000,related subjects,"Linguistics, classics & related subjects"
0,R000,related subjects,"European languages, literature & related subjects"
0,T000,related subjects,"Eastern, Asiatic, African, American & Australasian languages, literature & related subjects"
0,L350,Religion in society,Religion in society
0,V600,religious studies,Theology & religious studies
1,H164,Rehabilitation engineering,Rehabilitation engineering
0,V640,Religious writings,Religious writings
0,F845,Remote sensing,Remote sensing
1,V620,Religious studies,Religious studies
1,C142,Reproductive biology,Reproductive biology
1,C270,Reproductive plant biology,Developmental & reproductive plant biology
0,J523,Reprographic techniques,Reprographic techniques
0,X200,Research ,Research & study skills in education
0,C831,Research methods in psychology,Research methods in psychology
0,X210,Research skills,Research skills
1,C330,Reproductive zoology,Developmental & reproductive zoology
1,N240,Retail management,Retail management
1,H331,Road vehicle engineering,Road vehicle engineering
1,H671,Robotics,Robotics
0,H670,Robotics ,Robotics & cybernetics
1,J130,Rock mechanics,Rock mechanics
0,R707,Romanian studies,Romanian studies
0,K400,rural ,"Planning (urban, rural & regional)"
0,D440,Rural estate management,Rural estate management
0,K420,rural planning,Urban & rural planning
0,K422,Rural planning,Rural planning
0,R700,Russian ,Russian & East European studies
0,R710,Russian ,Russian & East European languages
0,R720,Russian ,Russian & east European Literature
0,R730,Russian ,Russian & east European society & culture
0,V225,Russian history,Russian history
0,R711,Russian language,Russian language
0,R721,Russian literature,Russian literature
0,R731,Russian society ,Russian society & culture
0,R701,Russian studies,Russian studies
1,V471,Roman art ,Roman art & archaeology
1,W346,Sacred music,Sacred music
0,N620,safety issues,Health & safety issues
1,H120,Safety engineering,Safety engineering
1,N520,Sales management,Sales management
0,D433,Saltwater fish,Saltwater fish
0,Q450,Sanskrit,Sanskrit
1,N872,Salon management,Salon management
0,R610,Scandinavian languages,Scandinavian languages
0,R620,Scandinavian literature,Scandinavian literature
0,R630,Scandinavian society ,Scandinavian society & culture
0,R600,Scandinavian studies,Scandinavian studies
1,H643,Satellite engineering,Satellite engineering
0,B713,School nursing,School nursing
0,F700,Science of aquatic ,Science of aquatic & terrestrial environments
0,Q350,Scots language,Scots language
1,V530,Scholastic philosophy,Scholastic philosophy
0,Q530,Scottish Gaelic,Scottish Gaelic
0,Q531,Scottish Gaelic literature,Scottish Gaelic literature
0,V212,Scottish history,Scottish history
0,M114,Scottish law,Scottish law
0,J524,Screen process printing,Screen process printing
0,W810,Scriptwriting,Scriptwriting
1,Q360,Scots literature,Scots literature
0,N852,Sea travel,Sea travel
0,N720,Secretarial ,Secretarial & typing skills
0,L435,Security policy,Security policy
1,W130,Sculpture,Sculpture
1,F681,Seismology ,Seismology & tectonics
0,H520,Ship design,Ship design
1,C570,Serology,Serology
1,H333,Ship propulsion engineering,Ship propulsion engineering
0,N722,Shorthand ,Shorthand & shorthand transcription
0,N722,shorthand transcription,Shorthand & shorthand transcription
0,D510,shrubs,Trees & shrubs
0,J710,shrubs etc.),"Plant biotechnology (crops, trees, shrubs etc.)"
0,W721,Silversmithing/goldsmithing,Silversmithing/goldsmithing
0,R708,Slovak studies,Slovak studies
0,L610,Social ,Social & cultural anthropology
1,H510,Shipbuilding,Shipbuilding
0,L700,social geography,Human & social geography
0,L710,social geography by area,Human & social geography by area
0,L720,social geography by topic,Human & social geography by topic
0,L713,social geography of Africa,Human & social geography of Africa
0,L712,social geography of Asia,Human & social geography of Asia
0,L714,social geography of Australasia,Human & social geography of Australasia
0,L711,social geography of Europe,Human & social geography of Europe
0,L715,social geography of the Americas,Human & social geography of the Americas
0,L716,social geography of the Arctic/Antarctic,Human & social geography of the Arctic/Antarctic
0,L371,Social hierarchy,Social hierarchy
1,C881,Social cognition,Social cognition
1,V320,Social history,Social history
0,L400,Social policy,Social policy
1,V540,Social philosophy,Social philosophy
0,L000,Social studies,Social studies
1,C880,Social psychology,Social psychology
0,L500,Social work,Social work
0,L213,Socialism,Socialism
0,L360,Socio-economics,Socio-economics
1,L370,Social theory,Social theory
1,Q140,Sociolinguistics,Sociolinguistics
1,L300,Sociology,Sociology
1,M270,Sociology of law,Sociology of law
0,L391,Sociology of science ,Sociology of science & technology
0,W713,Soft furnishing,Soft furnishing
0,I310,Software design,Software design
1,W357,Sociology of music,Sociology of music
0,D750,Soil as an agricultural medium,Soil as an agricultural medium
1,I300,Software engineering,Software engineering
1,F770,Soil science,Soil science
1,F530,Solar physics,Solar & solar terrestrial physics
1,F530,Solar terrestrial physics,Solar & solar terrestrial physics
0,H162,solid mechanics),Biomechanics (including fluid & solid mechanics)
1,H142,Solid mechanics,Solid mechanics
1,F321,Solidstate physics,Solid-state physics
0,W371,Sound design/commercial music recording,Sound design/commercial music recording
0,W613,sound recording,Film & sound recording
0,V233,South American history,South American history
0,T310,South Asian language studies,South Asian language studies
0,T320,South Asian literature studies,South Asian literature studies
0,T330,South Asian society ,South Asian society & culture studies
0,T300,South Asian studies,South Asian studies
0,V243,South East Asian history,South East Asian history
0,T412,South East Asian language studies,South East Asian language studies
0,T422,South East Asian literature studies,South East Asian literature studies
0,T432,South East Asian society ,South East Asian society & culture studies
0,V253,Southern African history,Southern African history
0,T514,Southern African language studies,Southern African language studies
0,T524,Southern African literature studies,Southern African literature studies
0,T534,Southern African society ,Southern African society & culture studies
0,B360,Spa ,Spa & water-based therapies
1,W382,Sonic arts,Sonic arts
0,F520,Space ,Space & planetary sciences
1,N871,Spa management,Spa management
0,R410,Spanish language,Spanish language
0,R411,Spanish languages in other countries,Spanish languages in other countries
0,R420,Spanish literature,Spanish literature
0,R430,Spanish society ,Spanish society & culture
0,R400,Spanish studies,Spanish studies
0,W443,special effects for theatre,Technical arts & special effects for theatre
0,I410,Speech ,Speech & natural language processing
1,F521,Space science,Space science
0,N563,Sponsorship,Sponsorship
0,N800,sport,"Hospitality, leisure, sport, tourism & transport"
0,C610,Sport coaching,Sport coaching
0,C630,Sport conditioning,"Sport conditioning, rehabilitation & therapy"
0,C620,Sport development,Sport development
1,B620,Speech science,Speech science
1,N880,Sport management,Sport management
1,C813,Sport psychology,Sport psychology
0,C640,Sport studies,Sport studies
1,C600,Sport science,Sport & exercise science
0,T313,Sri Lankan language studies,Sri Lankan language studies
0,T323,Sri Lankan literature studies,Sri Lankan literature studies
0,T333,Sri Lankan society ,Sri Lankan society & culture studies
0,N612,Staff development,Staff development
0,W461,Stage design,Stage design
1,C650,Sport technology,Sport technology
1,W450,Stage management,Stage management
1,G340,Statistical modelling,Statistical modelling
0,G330,Stochastic processes,Stochastic processes
0,V420,Stone Age,Stone Age
0,W750,stone crafts,Clay & stone crafts
0,W753,Stone crafts,Stone crafts
1,G300,Statistics,Statistics
0,L251,Strategic studies,Strategic studies
1,N211,Strategic management,Strategic management
1,F130,Structural chemistry,Structural chemistry
1,H210,Structural engineering,Structural engineering
0,X220,Study skills,Study skills
0,X200,study skills in education,Research & study skills in education
0,B000,Subjects allied to medicine,Subjects allied to medicine
0,H514,Submarine building,Submarine building
0,H524,Submarine design,Submarine design
0,Q440,Sumerian,Sumerian
0,H513,Surface combat ship building,Surface combat ship building
0,H523,Surface combat ship design,Surface combat ship design
0,W740,Surface decoration,Surface decoration
0,H512,Surface freight ship building,Surface freight ship building
0,H522,Surface freight ship design,Surface freight ship design
0,H511,Surface passenger ship building,Surface passenger ship building
0,H521,Surface passenger ship design,Surface passenger ship design
0,B772,Surgical nursing,Surgical nursing
1,H143,Structural mechanics,Structural mechanics
0,D448,Sustainable agricultural ,Sustainable agricultural & landscape development
0,R611,Swedish language,Swedish language
0,R621,Swedish literature,Swedish literature
0,R631,Swedish society ,Swedish society & culture
1,H240,Surveying science,Surveying science
0,C380,Systematic zoology,Systematic zoology
0,I230,Systems analysis ,Systems analysis & design
0,I250,Systems auditing,Systems auditing
0,I220,Systems design methodologies,Systems design methodologies
1,C280,Systematic botany,Systematic botany
0,J431,Tanning,Tanning
1,H650,Systems engineering,Systems engineering
0,X162,Teaching English as a Foreign Language (TEFL),Teaching English as a Foreign Language (TEFL)
0,W443,Technical arts ,Technical arts & special effects for theatre
0,W453,Technical stage management,Technical stage management
1,N330,Taxation,Taxation
0,L391,technology,Sociology of science & technology
0,F681,tectonics,Seismology & tectonics
0,I530,Tele healthcare,Tele healthcare
1,J000,Technologies,Technologies
0,P311,Television production,Television production
1,H641,Telecommunications engineering,Telecommunications engineering
0,F700,terrestrial environments,Science of aquatic & terrestrial environments
1,P301,Television studies,Television studies
0,W231,Textile design,Textile design
0,J400,textiles,Polymers & textiles
1,J421,Textile chemistry,Textile chemistry
0,W762,Thatching,Thatching
0,V641,The Bible ,The Bible & Christian texts
0,C822,The psychology of ageing,The psychology of ageing
0,V642,The Qur'an ,The Qur'an & Islamic texts
0,V643,The Torah ,The Torah & Judaic texts
0,W441,Theatre ,Theatre & professional practice
1,J420,Textiles technology,Textiles technology
0,W440,Theatre studies,Theatre studies
0,W452,Theatrical make-up,Theatrical make-up
0,W451,Theatrical wardrobe design,Theatrical wardrobe design
1,W460,Theatre design,Theatre design
0,V600,Theology ,Theology & religious studies
1,V610,Theology,Theology
0,B822,therapeutic,"Radiography, therapeutic"
0,B340,therapies,Alternative medicine & therapies
1,F340,Theoretical physics,Mathematical & theoretical physics
0,C630,therapy,"Sport conditioning, rehabilitation & therapy"
1,B300,Therapies ,"Complementary medicines, therapies & well-being"
0,W752,Tile making,Tile making
0,D516,Timber production,Timber production
1,H311,Thermodynamics,Thermodynamics
1,H165,Tissue engineering ,Tissue engineering & regenerative medicine
0,M224,Torts,Torts
1,F843,Topography,Topography
0,N800,tourism ,"Hospitality, leisure, sport, tourism & transport"
1,N830,Tourism,Tourism
1,N832,Tourism management,Tourism management
0,B220,Toxicology,Toxicology
1,N831,Tourism studies,Tourism studies
0,N613,Training methods,Training methods
0,X100,Training teachers,Training teachers
0,C441,Transcriptomics,Transcriptomics
0,Q910,Translation studies,Translation studies
0,Q920,Translation theory,Translation theory
1,B200,toxicology ,"Pharmacology, toxicology & pharmacy"
0,F762,transport,Large-scale atmospheric dynamics & transport
0,N800,transport,"Hospitality, leisure, sport, tourism & transport"
1,C858,Transpersonal psychology,Transpersonal psychology
1,H230,Transport engineering,Transport engineering
1,L724,Transport geography,Transport geography
0,K460,Transport planning,Transport planning
0,L434,Transport policy,Transport policy
1,J960,Transport logistics,Transport logistics
1,N850,Transport studies,Transport studies
0,D513,Tree nutrition,Tree nutrition
0,D512,Tree physiology,Tree physiology
0,D515,Tree production,Tree production
0,D514,Tree protection,Tree protection
0,J710,trees,"Plant biotechnology (crops, trees, shrubs etc.)"
0,D510,Trees ,Trees & shrubs
1,N810,Travel management,Travel management
0,T616,Turkish language studies,Turkish language studies
0,T626,Turkish literature studies,Turkish literature studies
0,T636,Turkish society ,Turkish society & culture studies
0,W540,Types of dance,Types of dance
0,W340,Types of music,Types of music
0,N720,typing skills,Secretarial & typing skills
1,H321,Turbine technology,Turbine technology
0,L232,UK constitutional studies,UK constitutional studies
0,L230,UK government/parliamentary studies,UK government/parliamentary studies
0,M110,UK legal systems,UK legal systems
0,L410,UK social policy,UK social policy
0,R709,Ukrainian studies,Ukrainian studies
0,T712,United States language studies,United States language studies
0,T722,United States literature studies,United States literature studies
0,T732,United States society ,United States society & culture studies
0,K420,Urban ,Urban & rural planning
1,W211,Typography,Typography
0,K421,Urban planning,Urban planning
0,K440,Urban studies,Urban studies
0,V232,USA history,USA history
1,L722,Urban geography,Urban geography
0,W734,Veneering,Veneering
0,C740,veterinary biochemistry,Medical & veterinary biochemistry
1,D613,Vegetable science,Vegetable science
0,C430,veterinary genetics,Medical & veterinary genetics
1,C742,Veterinary biochemistry,Veterinary biochemistry
0,C520,veterinary microbiology,Medical & veterinary microbiology
1,C432,Veterinary genetics,Veterinary genetics
1,C522,Veterinary microbiology,Veterinary microbiology
0,D330,Veterinary public health,Veterinary public health
0,D000,Veterinary sciences,"Veterinary sciences, agriculture & related subjects"
0,H340,vibration,Acoustics & vibration
1,D310,Veterinary nursing,Veterinary nursing
1,H342,Vibration,Vibration
1,L312,Victimology,Victimology
1,C540,Virology,Virology
0,V740,Visitor management including interpretation,Visitor management including interpretation
0,W614,Visual ,Visual & audio effects
0,W213,Visual communication,Visual communication
1,H674,Virtual reality engineering,Virtual reality engineering
0,L252,War ,War & peace studies
0,H122,Water quality control,Water quality control
0,D443,Water resource management,Water resource management
0,B360,water-based therapies,Spa & water-based therapies
0,W714,Weaving,Weaving
0,L510,welfare,Health & welfare
0,L432,Welfare policy,Welfare policy
1,F682,Vulcanology,Vulcanology
0,Q560,Welsh,Welsh
0,V213,Welsh history,Welsh history
0,M112,Welsh law,Welsh law
0,Q561,Welsh literature,Welsh literature
0,V255,West African history,West African history
0,T515,Western African language studies,Western African language studies
0,T525,Western African literature studies,Western African literature studies
0,T535,Western African society ,Western African society & culture studies
0,D446,Wilderness management,Wilderness management
0,L321,Women's studies,Women's studies
0,W730,Wood crafts,Wood crafts
0,V270,World history,World history
0,L530,Youth work,Youth work
1,C300,Zoology,Zoology
,,,
594,,,
,,,
